{"cameraMode":{"drawMode":0,"name":"Shaded","section":"Shading Mode"},"sceneLighting":false,"audioPlay":false,"sceneViewState":{"showFog":false,"showMaterialUpdate":false,"showSkybox":false,"showFlares":false,"showImageEffects":false,"showParticleSystems":false},"in2DMode":false,"pivot":{"x":0.23828125,"y":1.40185546875,"z":-1.43377685546875},"rotation":{"x":0.09679960459470749,"y":0.8933660387992859,"z":-0.2323017567396164,"w":0.37224042415618899},"size":14.038165092468262,"orthographic":true}