{"cameraMode":{"drawMode":0,"name":"Shaded","section":"Shading Mode"},"sceneLighting":false,"audioPlay":false,"sceneViewState":{"showFog":false,"showMaterialUpdate":false,"showSkybox":false,"showFlares":false,"showImageEffects":false,"showParticleSystems":false},"in2DMode":false,"pivot":{"x":-21.967815399169923,"y":-5.435751438140869,"z":23.398611068725587},"rotation":{"x":0.042242299765348437,"y":-0.9565466046333313,"z":0.1779201477766037,"w":0.22710949182510377},"size":3.4099931716918947,"orthographic":false}