{"cameraMode":{"drawMode":0,"name":"Shaded","section":"Shading Mode"},"sceneLighting":false,"audioPlay":false,"sceneViewState":{"showFog":false,"showMaterialUpdate":false,"showSkybox":false,"showFlares":false,"showImageEffects":false,"showParticleSystems":false},"in2DMode":false,"pivot":{"x":7.949999809265137,"y":1.9700000286102296,"z":8.550000190734864},"rotation":{"x":-0.12491189688444138,"y":-0.8471325039863586,"z":0.46323034167289736,"w":-0.22843213379383088},"size":2.8578836917877199,"orthographic":false}