{"cameraMode":{"drawMode":0,"name":"Shaded","section":"Shading Mode"},"sceneLighting":false,"audioPlay":false,"sceneViewState":{"showFog":false,"showMaterialUpdate":false,"showSkybox":false,"showFlares":false,"showImageEffects":false,"showParticleSystems":false},"in2DMode":false,"pivot":{"x":0.28537094593048098,"y":-0.0026679635047912599,"z":-0.10420513153076172},"rotation":{"x":0.06015005707740784,"y":-0.9262198805809021,"z":0.332231730222702,"w":0.16769269108772279},"size":2.637040138244629,"orthographic":false}