{"cameraMode":{"drawMode":0,"name":"Shaded","section":"Shading Mode"},"sceneLighting":false,"audioPlay":false,"sceneViewState":{"showFog":true,"showMaterialUpdate":false,"showSkybox":true,"showFlares":true,"showImageEffects":true,"showParticleSystems":true},"in2DMode":false,"pivot":{"x":0.10563421249389649,"y":-0.3594135046005249,"z":0.351239413022995},"rotation":{"x":-0.26373371481895449,"y":-0.728967010974884,"z":0.3822921812534332,"w":-0.5028960108757019},"size":1.3856661319732667,"orthographic":false}