{"cameraMode":{"drawMode":0,"name":"Shaded","section":"Shading Mode"},"sceneLighting":false,"audioPlay":false,"sceneViewState":{"showFog":false,"showMaterialUpdate":false,"showSkybox":false,"showFlares":false,"showImageEffects":false,"showParticleSystems":false},"in2DMode":false,"pivot":{"x":-2.678116798400879,"y":-0.7951347827911377,"z":0.22868001461029054},"rotation":{"x":0.05396987870335579,"y":-0.7856519222259522,"z":0.06923811137676239,"w":0.6124086380004883},"size":10.95030689239502,"orthographic":false}