{"cameraMode":{"drawMode":0,"name":"Shaded","section":"Shading Mode"},"sceneLighting":false,"audioPlay":false,"sceneViewState":{"showFog":false,"showMaterialUpdate":false,"showSkybox":false,"showFlares":false,"showImageEffects":false,"showParticleSystems":false},"in2DMode":false,"pivot":{"x":45.18855285644531,"y":-27.76125144958496,"z":29.667266845703126},"rotation":{"x":-0.06599761545658112,"y":-0.8015681505203247,"z":0.5873854160308838,"w":-0.09006277471780777},"size":47.22780227661133,"orthographic":false}