{"cameraMode":{"drawMode":0,"name":"Shaded","section":"Shading Mode"},"sceneLighting":false,"audioPlay":false,"sceneViewState":{"showFog":false,"showMaterialUpdate":false,"showSkybox":false,"showFlares":false,"showImageEffects":false,"showParticleSystems":false},"in2DMode":false,"pivot":{"x":0.0,"y":0.808866024017334,"z":0.06999969482421875},"rotation":{"x":-0.023147214204072954,"y":-0.9659358263015747,"z":0.09301604330539704,"w":-0.24037550389766694},"size":7.445315361022949,"orthographic":false}