{"cameraMode":{"drawMode":0,"name":"Shaded","section":"Shading Mode"},"sceneLighting":false,"audioPlay":false,"sceneViewState":{"showFog":false,"showMaterialUpdate":false,"showSkybox":false,"showFlares":false,"showImageEffects":false,"showParticleSystems":false},"in2DMode":false,"pivot":{"x":39.399131774902347,"y":-0.3452538251876831,"z":8.225257873535157},"rotation":{"x":-0.04320761188864708,"y":-0.8918417096138,"z":0.08723141252994538,"w":-0.4417490065097809},"size":9.221763610839844,"orthographic":false}