{"cameraMode":{"drawMode":0,"name":"Shaded","section":"Shading Mode"},"sceneLighting":false,"audioPlay":false,"sceneViewState":{"showFog":true,"showMaterialUpdate":false,"showSkybox":true,"showFlares":true,"showImageEffects":true,"showParticleSystems":true},"in2DMode":false,"pivot":{"x":-8.399999618530274,"y":0.2756996154785156,"z":-0.2555818557739258},"rotation":{"x":-0.2576019763946533,"y":0.40583911538124087,"z":-0.12036170065402985,"w":-0.868590235710144},"size":22.0,"orthographic":false}