{"cameraMode":{"drawMode":0,"name":"Shaded","section":"Shading Mode"},"sceneLighting":true,"audioPlay":false,"sceneViewState":{"showFog":false,"showMaterialUpdate":false,"showSkybox":false,"showFlares":false,"showImageEffects":false,"showParticleSystems":false},"in2DMode":false,"pivot":{"x":8.417868614196778,"y":2.4700000286102297,"z":12.550000190734864},"rotation":{"x":0.018314309418201448,"y":0.6772571802139282,"z":-0.016867266967892648,"w":0.735325038433075},"size":17.270212173461915,"orthographic":false}