{"cameraMode":{"drawMode":0,"name":"Shaded","section":"Shading Mode"},"sceneLighting":false,"audioPlay":false,"sceneViewState":{"showFog":true,"showMaterialUpdate":false,"showSkybox":true,"showFlares":true,"showImageEffects":true,"showParticleSystems":true},"in2DMode":false,"pivot":{"x":9.321682929992676,"y":6.731276512145996,"z":-7.1400299072265629},"rotation":{"x":-0.2576019763946533,"y":0.40583911538124087,"z":-0.12036170065402985,"w":-0.868590235710144},"size":-7.972410202026367,"orthographic":false}