{"cameraMode":{"drawMode":0,"name":"Shaded","section":"Shading Mode"},"sceneLighting":false,"audioPlay":false,"sceneViewState":{"showFog":false,"showMaterialUpdate":false,"showSkybox":false,"showFlares":false,"showImageEffects":false,"showParticleSystems":false},"in2DMode":false,"pivot":{"x":-0.05372166633605957,"y":0.01589202880859375,"z":-0.049067556858062747},"rotation":{"x":0.21211089193820954,"y":-0.6242364048957825,"z":0.18146449327468873,"w":0.7296633124351502},"size":3.564094066619873,"orthographic":false}