{"cameraMode":{"drawMode":0,"name":"Shaded","section":"Shading Mode"},"sceneLighting":false,"audioPlay":false,"sceneViewState":{"showFog":false,"showMaterialUpdate":false,"showSkybox":false,"showFlares":false,"showImageEffects":false,"showParticleSystems":false},"in2DMode":false,"pivot":{"x":34.38500213623047,"y":0.20550000667572022,"z":13.125},"rotation":{"x":-0.04479968175292015,"y":-0.9549292922019959,"z":0.1954609900712967,"w":-0.21885639429092408},"size":3.7007594108581545,"orthographic":true}