{"cameraMode":{"drawMode":0,"name":"Shaded","section":"Shading Mode"},"sceneLighting":false,"audioPlay":false,"sceneViewState":{"showFog":true,"showMaterialUpdate":false,"showSkybox":true,"showFlares":true,"showImageEffects":true,"showParticleSystems":true},"in2DMode":false,"pivot":{"x":2.3112833499908449,"y":-1.6353263854980469,"z":-5.265565872192383},"rotation":{"x":-0.49698933959007265,"y":-0.04240236058831215,"z":0.02432369440793991,"w":-0.8663787245750427},"size":16.111858367919923,"orthographic":false}